id,n
03mPaWum,4
05w8Tl7n,4
1r0tDsrR,4
2NR2E663,4
2wclahIJ,4
3CpNUnVl,4
3CsACce8,9
3Gb7tKgJ,4
3Yax10rQ,4
3aOIY6wl,4
3eb3ZyiU,2
3sRdGQou,9
3syV6ymi,4
4Dd2xgPm,4
4NaOKslb,9
4Skg9QhO,9
5Xoilj6r,4
5j6mIuu1,4
5k4dxUEJ,4
5rj7xQE4,9
5tbWdY1j,4
6GSXsdeX,4
6nQR7yYF,4
7MkoLtWC,2
8OkPHu4f,4
8nObGQqW,2
A38xbjqm,4
AmbKQ7LT,4
Avy8Gua1,4
Ayrvf5yp,4
BANC61K5,4
BAaS5Dkc,4
BPPG2XF7,4
C8hwcOdF,4
DM6luo3c,4
DU9SofaW,4
EmVbbIUc,4
Ew11a1Tx,4
FLBYsvxp,2
FoSTFipC,2
FvYhaE3z,4
G0AWk1rX,9
GPESFoWD,4
Gepa1szA,4
H1emUb6k,4
HH7LDwlK,4
HMFb1gaq,4
I6OJtaMT,4
J6Yksji5,4
JPimShCw,4
JbTCDDb0,2
KxH4VVU3,4
Lp0byzGQ,4
MT4b8H9h,4
MW8rlyfL,4
MaBSSg7I,9
MciIqod6,4
N5fmlTza,4
NSSsxBHV,4
NaMPa4ML,4
NeWvHjCw,4
NqarFr4P,9
ODQmOrIw,4
PDdh1sBj,9
PNZmPprx,2
PSN8IaIg,4
PiHpR4QL,9
Pkw17hO0,4
R9DiQfax,4
RF7uVEGp,2
RvKwdXWs,4
Rvr1bcu8,4
SrfYbg3x,4
Svtb9MQv,4
TGYJUUn0,4
TTWL7RLe,15
TlP31w8l,9
Umb8XsZH,4
VI4gQt8Q,6
VRdy76RQ,4
VbeHEAsa,4
VklN5Wm6,4
W4iKIM2s,2
WQCAanal,4
WXAaWZVf,4
Wg2P3acK,4
WiNRdfsm,4
Y94H6XnK,9
YK3nXtoM,4
YNkPy4ta,4
Z8ntYx0Y,4
ZtxWTS9V,4
ZvMcHde3,2
a0MVffcN,4
a8ycVmwU,2
aXjlMBiE,4
abbALYlp,9
aeouhelq,4
ajKnHI1s,4
ap1wEfdW,4
ar2Y8Xs9,4
b4lDDcli,4
bY9U7w1Q,2
bih4MD9a,4
bkysJj7F,4
bsabIdYm,2
btoJTO9G,2
bzr6vtXi,2
cBZ6OlKW,6
cOgmdp9e,4
e139gKZc,4
eALf5d30,4
eob9goyW,4
es0Y3Bxc,4
ewrkbwI9,4
fM9E7frB,4
flctCQUT,4
g9VIbA9s,2
hIFazIcK,4
hR6Zo6pD,4
haax8kMa,4
iLD5Lkto,4
iPx4jep6,4
j4F7tTzy,9
jIcGy6gI,4
k3LajvfJ,4
kftE5nvv,4
kwW6v202,4
mAxXKaXp,9
mMU3H6HZ,4
mbT1uNPa,2
mountnoun,4
mueocuFG,4
oBbiVeKE,4
oHaWR73d,9
oUz16Nav,4
ol0rBSrb,4
pa3E7810,4
qnxJYAs7,9
rHcVKSbA,4
rQge8OSi,4
rTPnyeJ3,2
raD9MK3O,4
rbz1Bwbv,9
sPmQz21k,2
t68bkisr,2
t78atYqH,9
tE1VwKTZ,4
tewykKdc,4
ucyy9Sc5,4
v2664Qeo,4
wubDWOlh,4
x04UGQDn,4
xODbCO6k,2
xjrRbZ3U,4
xnR3sXJP,4
yQtzabbe,4
znKxunbQ,4
zxMOqlhs,4
